page,index,repo,owner,name,type,authors,commits,pulls,issues,comments,reviews
1,0,gitscrum-ce/laravel-gitscrum,gitscrum-ce,laravel-gitscrum,Organization,258,714,205,145,394,5
1,1,teamtnt/laravel-scout-tntsearch-driver,teamtnt,laravel-scout-tntsearch-driver,Organization,641,262,87,243,994,4
1,2,musonza/chat,musonza,chat,User,166,325,130,158,529,47
1,3,laravel-notification-channels/telegram,laravel-notification-channels,telegram,Organization,137,156,55,65,236,5
1,4,CrestApps/laravel-code-generator,crestapps,laravel-code-generator,User,110,286,32,144,432,31
1,5,ericmakesstuff/laravel-server-monitor,ericmakesstuff,laravel-server-monitor,Organization,11,27,11,7,17,0
1,6,geekcom/validator-docs,geekcom,validator-docs,User,69,204,91,32,144,11
1,7,irazasyed/jwt-auth-guard,irazasyed,jwt-auth-guard,User,84,28,9,38,113,0
1,8,summerblue/administrator,summerblue,administrator,User,29,55,10,19,20,2
1,9,WildsideUK/Laravel-Userstamps,wildsideuk,laravel-userstamps,Organization,35,63,13,27,64,0
1,10,Nexmo/nexmo-laravel,nexmo,nexmo-laravel,Organization,83,45,23,41,223,8
1,11,nikaia/translation-sheet,nikaia,translation-sheet,Organization,53,168,42,28,69,5
1,12,actuallymab/laravel-comment,actuallymab,laravel-comment,User,62,65,30,40,53,1
1,13,squareboat/sneaker,squareboat,sneaker,Organization,95,48,21,41,138,1
1,14,larapack/hooks,larapack,hooks,Organization,22,161,40,12,41,0
1,15,larapack/voyager-hooks,larapack,voyager-hooks,Organization,29,63,21,15,62,12
1,16,codedge/laravel-selfupdater,codedge,laravel-selfupdater,User,43,520,221,38,253,9
1,17,unicodeveloper/laravel-identify,unicodeveloper,laravel-identify,User,18,70,20,7,39,2
1,18,LaraBug/LaraBug,larabug,larabug,Organization,28,187,52,12,100,10
1,19,pmatseykanets/laravel-scout-postgres,pmatseykanets,laravel-scout-postgres,User,48,110,24,22,72,0
1,20,dmitry-ivanov/laravel-db-profiler,dmitry-ivanov,laravel-db-profiler,User,12,273,2,7,15,0
1,21,laravel-notification-channels/twitter,laravel-notification-channels,twitter,Organization,66,149,43,34,211,1
1,22,codedge/laravel-fpdf,codedge,laravel-fpdf,User,71,188,86,32,93,5
1,23,dmitry-ivanov/laravel-console-mutex,dmitry-ivanov,laravel-console-mutex,User,22,387,12,13,62,0
1,24,Modelizer/Laravel-Selenium,modelizer,laravel-selenium,User,43,182,24,36,160,8
1,25,dmitry-ivanov/laravel-helper-functions,dmitry-ivanov,laravel-helper-functions,User,10,496,3,4,23,0
1,26,devemio/elasticsearch-eloquent,devemio,elasticsearch-eloquent,User,7,146,8,16,14,0
1,27,appstract/laravel-tracer,appstract,laravel-tracer,Organization,7,86,6,0,4,0
1,28,Froiden/laravel-rest-api,froiden,laravel-rest-api,Organization,20,183,12,13,33,0
1,29,dmitry-ivanov/laravel-console-logger,dmitry-ivanov,laravel-console-logger,User,15,729,4,10,47,10
1,30,arandilopez/laravel-profane,arandilopez,laravel-profane,User,42,136,41,10,56,3
1,31,padosoft/laravel-affiliate-network,padosoft,laravel-affiliate-network,Organization,13,247,2,4,4,0
1,32,sebdesign/artisan-cloudflare,sebdesign,artisan-cloudflare,User,15,51,6,12,42,0
1,33,skybluesofa/laravel-followers,skybluesofa,laravel-followers,User,5,38,2,3,2,1
1,34,dmitry-ivanov/laravel-testing-tools,dmitry-ivanov,laravel-testing-tools,User,5,568,2,2,7,0
1,35,akalongman/laravel-multilang,akalongman,laravel-multilang,User,19,181,12,12,25,0
1,36,kimmelsg/cj-google-geocoder,kimmelsg,cj-google-geocoder,Organization,4,34,4,0,3,3
1,37,pyaesone17/active-state,pyaesone17,active-state,User,13,47,4,6,23,0
1,38,softon/laravel-face-detect,softon,laravel-face-detect,User,7,6,1,6,6,0
1,39,artkonekt/appshell,artkonekt,appshell,Organization,14,465,14,12,53,5
1,40,midnite81/geolocation,midnite81,geolocation,User,7,40,5,3,18,2
1,41,akhileshdarjee/origin-cms,akhileshdarjee,origin-cms,User,2,34,6,0,4,0
1,42,padosoft/laravel-google-structured-data-testing-tool,padosoft,laravel-google-structured-data-testing-tool,Organization,4,17,1,5,6,0
1,43,kimmelsg/cj-temporal-models,kimmelsg,cj-temporal-models,Organization,5,61,10,0,7,0
1,44,abrahamgreyson/laravel-mns,abrahamgreyson,laravel-mns,User,8,60,2,5,11,0
1,45,sebdesign/laravel-viva-payments,sebdesign,laravel-viva-payments,User,19,94,8,17,42,0
1,46,padosoft/laravel-uploadable,padosoft,laravel-uploadable,Organization,5,28,6,4,6,0
1,47,fobiaphp/laravel-sphinx,fobiaphp,laravel-sphinx,Organization,10,105,14,0,2,0
1,48,sebdesign/laravel-sri,sebdesign,laravel-sri,User,6,31,6,2,17,0
1,49,lehoangduc/laravel-packages,lehoangduc,laravel-packages,User,2,6,1,0,0,0
1,50,SimpleSoftwareIO/simple-cache,simplesoftwareio,simple-cache,Organization,4,22,4,2,6,0
1,51,kblais/query-filter,kblais,query-filter,User,5,56,15,4,7,1
1,52,laravel-notification-channels/hipchat,laravel-notification-channels,hipchat,Organization,18,95,16,6,20,0
1,53,otherguy/laravel-error-handler,otherguy,laravel-error-handler,User,4,29,2,0,3,0
1,54,lubusIN/laravel-mojo,lubusin,laravel-mojo,Organization,12,35,1,8,21,0
1,55,laravel-notification-channels/pushbullet,laravel-notification-channels,pushbullet,Organization,17,105,37,12,35,0
1,56,squareboat/flash,squareboat,flash,Organization,1,22,0,0,0,0
1,57,laravelhungary/laravel-barion,laravelhungary,laravel-barion,Organization,2,46,7,1,0,0
1,58,jpmurray/laravel-rrule,jpmurray,laravel-rrule,User,2,52,4,7,1,0
1,59,Clivern/file_uploader,clivern,file_uploader,User,2,34,1,0,0,0
1,60,deathkel/apitest,deathkel,apitest,User,1,47,9,0,0,0
1,61,core-system/bootstrap-form,core-system,bootstrap-form,Organization,14,15,4,9,13,1
1,62,MarceauKa/laravel-ovh-sms,marceauka,laravel-ovh-sms,User,7,24,2,4,6,0
1,63,hazestudio/laravel-gopay-sdk,hazestudio,laravel-gopay-sdk,Organization,9,18,3,3,4,1
1,64,atomescrochus/laravel-gracenote,atomescrochus,laravel-gracenote,Organization,4,73,15,3,10,0
1,65,svenluijten/package-skeleton,svenluijten,package-skeleton,User,2,64,1,0,1,0
1,66,MarceauKa/laravel-free-mobile-sms,marceauka,laravel-free-mobile-sms,User,4,6,0,2,8,0
1,67,JorisvanW/medialibrary,jorisvanw,medialibrary,User,3,330,11,1,1,2
1,68,mojoblanco/my-fav-laravel-packages,mojoblanco,my-fav-laravel-packages,User,1,14,0,0,0,0
1,69,czim/laravel-listify,czim,laravel-listify,User,1,58,0,1,0,0
1,70,eliurkis/crud,eliurkis,crud,User,1,111,18,0,0,0
1,71,alexsoft/Laravel-Socialite-Bitbucket,alexsoft,laravel-socialite-bitbucket,User,1,22,1,0,0,0
1,72,Litecms/Blog,litecms,blog,Organization,5,44,16,1,0,0
1,73,CupOfTea696/PrioritizeRoutes,cupoftea696,prioritizeroutes,User,1,13,2,0,0,0
1,74,rtamizh/realtime-push,rtamizh,realtime-push,User,1,18,0,0,0,0
1,75,tequilarapido/api-response,tequilarapido,api-response,Organization,2,50,14,0,2,0
1,76,GeekGhc/ISpace,geekghc,ispace,User,2,75,0,1,1,0
1,77,Sheikh-Alvee/laravel-worldpay,sheikh-alvee,laravel-worldpay,User,4,10,0,3,2,0
1,78,josh-taylor/migrations-generator,josh-taylor,migrations-generator,User,2,23,0,3,0,0
1,79,sebdesign/laravel-elixir-sri,sebdesign,laravel-elixir-sri,User,2,6,1,0,1,0
1,80,yokesharun/ping-on-terminal,yokesharun,ping-on-terminal,User,1,15,1,0,0,0
1,81,lartie/Airports,lartie,airports,User,1,16,0,0,0,0
1,82,lartie/FlightStatsApi,lartie,flightstatsapi,User,2,24,0,1,2,0
1,83,SanUSB-grupo/wireless-monitor,sanusb-grupo,wireless-monitor,Organization,4,127,62,46,5,0
1,84,Cyber-Duck/Laravel-Alternative-Mailer,cyber-duck,laravel-alternative-mailer,Organization,1,30,0,0,0,0
1,85,eXolnet/laravel-instruments,exolnet,laravel-instruments,Organization,2,62,6,0,0,0
1,86,taylornetwork/name-formatter,taylornetwork,name-formatter,Organization,1,20,2,0,0,0
1,87,lartie/Laravel-Botan,lartie,laravel-botan,User,1,3,0,0,0,0
1,88,padosoft/laravel-support,padosoft,laravel-support,Organization,3,9,5,1,1,0
1,89,ryanwinchester/laravel-paginates,ryanwinchester,laravel-paginates,User,1,19,0,0,0,0
1,90,ForestAdmin/forest-laravel,forestadmin,forest-laravel,Organization,27,171,46,31,130,32
1,91,padosoft/laravel-request,padosoft,laravel-request,Organization,1,22,0,0,0,0
1,92,codedge/laravel-sofortlib,codedge,laravel-sofortlib,User,3,75,42,1,20,0
1,93,GeniusTS/preferences,geniusts,preferences,Organization,4,93,3,2,4,0
1,94,ricoa/laravel-auth,ricoa,laravel-auth,User,3,40,2,0,0,0
1,95,cevv13/form-ajax-submit,cevv13,form-ajax-submit,User,2,15,0,1,0,0
1,96,heshanh/gofax,heshanh,gofax,User,1,6,0,0,0,0
1,97,skybluesofa/laravel-microblog,skybluesofa,laravel-microblog,User,1,23,0,0,0,0
1,98,lartie/AttachSocialAccount,lartie,attachsocialaccount,User,1,15,0,0,0,0
1,99,ramadani/catagger,ramadani,catagger,User,1,13,0,0,0,0
2,0,CupOfTea696/Counter,cupoftea696,counter,User,1,31,1,0,0,0
2,1,padosoft/laravel-test,padosoft,laravel-test,Organization,2,30,0,0,0,0
2,2,laravel-notification-channels/vwo-engage,laravel-notification-channels,vwo-engage,Organization,5,27,2,5,17,0
2,3,akmuhammet/activitylog,akmuhammet,activitylog,User,1,18,0,0,0,0
2,4,appoets/default-installer,appoets,default-installer,Organization,1,15,1,0,0,0
2,5,InvertedX/routetraffic-laravel-route-lising,invertedx,routetraffic-laravel-route-lising,User,1,7,0,0,0,0
2,6,josh-taylor/simple-sitemap,josh-taylor,simple-sitemap,User,0,1,0,0,0,0
2,7,mul14/lang-detector,mul14,lang-detector,User,1,1,0,0,0,0
